<?xml version="1.0" encoding="UTF-8"?>
<project-private xmlns="http://www.netbeans.org/ns/project-private/1">
    <editor-bookmarks xmlns="http://www.netbeans.org/ns/editor-bookmarks/2" lastBookmarkId="0"/>
    <open-files xmlns="http://www.netbeans.org/ns/projectui-open-files/2">
        <group>
            <file>file:/C:/Users/User/Documents/NetBeansProjects/Cefetiny/src/cefetiny/MemoriaVariaveis.java</file>
            <file>file:/C:/Users/User/Documents/NetBeansProjects/Cefetiny/src/cefetiny/Metodos.java</file>
            <file>file:/C:/Users/User/Documents/NetBeansProjects/Cefetiny/src/cefetiny/MemoriaMetodos.java</file>
            <file>file:/C:/Users/User/Documents/NetBeansProjects/Cefetiny/src/cefetiny/Cefetiny.java</file>
            <file>file:/C:/Users/User/Documents/NetBeansProjects/Cefetiny/src/cefetiny/Variaveis.java</file>
        </group>
    </open-files>
</project-private>
